{
	"info": {
		"_postman_id": "ec80d68d-8e3f-4e6c-a89b-9ecbfdc1f0a6",
		"name": "Ecommerce Backend APIs",
		"description": "Postman collection for testing the Ecommerce backend APIs",
		"schema": "https://schema.getpostman.com/json/collection/v2.1.0/collection.json",
		"_exporter_id": "24155034"
	},
	"item": [
		{
			"name": "User Registration",
			"request": {
				"method": "POST",
				"header": [
					{
						"key": "Content-Type",
						"value": "application/json"
					}
				],
				"body": {
					"mode": "raw",
					"raw": "{\"name\": \"John Doe\", \"email\": \"john@example.com\", \"password\": \"password123\"}"
				},
				"url": {
					"raw": "{{baseUrl}}/api/users/register",
					"host": [
						"{{baseUrl}}"
					],
					"path": [
						"api",
						"users",
						"register"
					]
				}
			},
			"response": []
		},
		{
			"name": "User Login",
			"request": {
				"method": "POST",
				"header": [
					{
						"key": "Content-Type",
						"value": "application/json"
					}
				],
				"body": {
					"mode": "raw",
					"raw": "{\"email\": \"john@example.com\", \"password\": \"password123\"}"
				},
				"url": {
					"raw": "{{baseUrl}}/api/users/login",
					"host": [
						"{{baseUrl}}"
					],
					"path": [
						"api",
						"users",
						"login"
					]
				}
			},
			"response": []
		},
		{
			"name": "Get User Profile",
			"request": {
				"method": "GET",
				"header": [
					{
						"key": "Authorization",
						"value": "Bearer {{token}}"
					}
				],
				"url": {
					"raw": "{{baseUrl}}/api/users/profile/{{userId}}",
					"host": [
						"{{baseUrl}}"
					],
					"path": [
						"api",
						"users",
						"profile",
						"{{userId}}"
					]
				}
			},
			"response": []
		},
		{
			"name": "List Products",
			"request": {
				"method": "GET",
				"header": [
					{
						"key": "Content-Type",
						"value": "application/json"
					}
				],
				"url": {
					"raw": "{{baseUrl}}/api/products",
					"host": [
						"{{baseUrl}}"
					],
					"path": [
						"api",
						"products"
					]
				}
			},
			"response": []
		},
		{
			"name": "Create Product",
			"request": {
				"method": "POST",
				"header": [
					{
						"key": "Content-Type",
						"value": "application/json"
					},
					{
						"key": "Authorization",
						"value": "Bearer {{adminToken}}"
					}
				],
				"body": {
					"mode": "raw",
					"raw": "{\"name\": \"Product A\", \"description\": \"Description for Product A\", \"price\": 100, \"stock\": 50}"
				},
				"url": {
					"raw": "{{baseUrl}}/api/products",
					"host": [
						"{{baseUrl}}"
					],
					"path": [
						"api",
						"products"
					]
				}
			},
			"response": []
		},
		{
			"name": "Place Order",
			"request": {
				"method": "POST",
				"header": [
					{
						"key": "Content-Type",
						"value": "application/json"
					},
					{
						"key": "Authorization",
						"value": "Bearer {{token}}"
					}
				],
				"body": {
					"mode": "raw",
					"raw": "{\"orderItems\": [{\"product\": \"{{productId}}\", \"quantity\": 2, \"price\": 100}], \"totalAmount\": 200}"
				},
				"url": {
					"raw": "{{baseUrl}}/api/orders",
					"host": [
						"{{baseUrl}}"
					],
					"path": [
						"api",
						"orders"
					]
				}
			},
			"response": []
		},
		{
			"name": "View Order History",
			"request": {
				"method": "GET",
				"header": [
					{
						"key": "Authorization",
						"value": "Bearer {{token}}"
					}
				],
				"url": {
					"raw": "{{baseUrl}}/api/orders",
					"host": [
						"{{baseUrl}}"
					],
					"path": [
						"api",
						"orders"
					]
				}
			},
			"response": []
		},
		{
			"name": "View Single Order",
			"request": {
				"method": "GET",
				"header": [
					{
						"key": "Authorization",
						"value": "Bearer {{token}}"
					}
				],
				"url": {
					"raw": "{{baseUrl}}/api/orders/{{orderId}}",
					"host": [
						"{{baseUrl}}"
					],
					"path": [
						"api",
						"orders",
						"{{orderId}}"
					]
				}
			},
			"response": []
		},
		{
			"name": "Cancel Order",
			"request": {
				"method": "DELETE",
				"header": [
					{
						"key": "Authorization",
						"value": "Bearer {{token}}"
					}
				],
				"url": {
					"raw": "{{baseUrl}}/api/orders/{{orderId}}",
					"host": [
						"{{baseUrl}}"
					],
					"path": [
						"api",
						"orders",
						"{{orderId}}"
					]
				}
			},
			"response": []
		},
		{
			"name": "Update Product (Admin Only)",
			"request": {
				"method": "PUT",
				"header": [
					{
						"key": "Content-Type",
						"value": "application/json"
					},
					{
						"key": "Authorization",
						"value": "Bearer {{adminToken}}"
					}
				],
				"body": {
					"mode": "raw",
					"raw": "{\"name\": \"Updated Product\", \"description\": \"Updated Description\", \"price\": 120, \"stock\": 40}"
				},
				"url": {
					"raw": "{{baseUrl}}/api/products/{{productId}}",
					"host": [
						"{{baseUrl}}"
					],
					"path": [
						"api",
						"products",
						"{{productId}}"
					]
				}
			},
			"response": []
		},
		{
			"name": "Delete Product (Admin Only)",
			"request": {
				"method": "DELETE",
				"header": [
					{
						"key": "Content-Type",
						"value": "application/json"
					},
					{
						"key": "Authorization",
						"value": "Bearer {{adminToken}}"
					}
				],
				"url": {
					"raw": "{{baseUrl}}/api/products/{{productId}}",
					"host": [
						"{{baseUrl}}"
					],
					"path": [
						"api",
						"products",
						"{{productId}}"
					]
				}
			},
			"response": []
		}
	],
	"event": [
		{
			"listen": "prerequest",
			"script": {
				"type": "text/javascript",
				"packages": {},
				"exec": [
					""
				]
			}
		},
		{
			"listen": "test",
			"script": {
				"type": "text/javascript",
				"packages": {},
				"exec": [
					""
				]
			}
		}
	],
	"variable": [
		{
			"key": "baseUrl",
			"value": "http://localhost:5000",
			"type": "default"
		}
	]
}